{
    "898989898989": {
        "nome": "Ada Lovelace",
        "data_nascimento": "45-01-1910",
        "email": "ada.lovelace@example.com"
    },
    "11111": {
        "nome": "Adolfo Silveira",
        "data_nascimento": "2000-07-25",
        "email": "adolfo.silveira@example.com"
    },
    "55566677788": {
        "nome": "Ana Costa",
        "data_nascimento": "1995-07-25",
        "email": "ana.costa@example.com"
    },
    "11122233344": {
        "nome": "Carlos Pereira",
        "data_nascimento": "1978-02-10",
        "email": "carlos.pereira@example.com"
    },
    "12345678900": {
        "nome": "Joao da Silva",
        "data_nascimento": "1990-05-15",
        "email": "joao.silva@example.com"
    },
    "22222": {
        "nome": "Linus Torvalds",
        "data_nascimento": "45-01-19823",
        "email": "adolfo.silveira@example.com"
    },
    "98765432111": {
        "nome": "Maria Oliveira",
        "data_nascimento": "1985-09-20",
        "email": "maria.oliveira@example.com"
    },
    "99988877766": {
        "nome": "Paulo Souza",
        "data_nascimento": "2000-11-30",
        "email": "paulo.souza@example.com"
    },
    "6666": {
        "nome": "Tiao da Lua",
        "data_nascimento": "01-01-1950",
        "email": "tiao.lua@example.com"
    },
    "00000000000": {
        "nome": "Zero da Silva",
        "data_nascimento": "1990-05-15",
        "email": "zero.silva@example.com"
    },
    "01010101": {
        "nome": "Zero Um",
        "data_nascimento": "2000-01-09",
        "email": "zero.um@example.com"
    }
}